Frame_ID,Time_Cost_ms,Smoothed_Score,CNN_Activated,Identity_Result,Lap_Var,Bright_Penalty
1,699.6958255767822,11.251386442431029,True,mile,11.251386442431029,0.10103921772521218
2,796.3664531707764,12.295099499079026,True,mile,12.295099499079026,0.10120407292872302
3,726.9036769866943,14.886621978652395,True,mile,14.886621978652395,0.10204162597656252
4,707.6869010925293,16.990730919283713,True,mile,16.990730919283713,0.10238341531635797
5,745.9061145782471,19.134491884507284,True,mile,19.134491884507284,0.10244787899064434
6,708.1115245819092,22.58402342914829,True,mile,22.58402342914829,0.10238902150848761
7,715.6317234039307,25.72273874716699,True,mile,25.72273874716699,0.10275409463011187
8,777.5931358337402,28.032677700481464,True,mile,28.032677700481464,0.10276471550081978
9,781.5303802490234,29.78923894780679,True,mile,29.78923894780679,0.10287249906563467
10,755.5639743804932,31.058922204859293,True,mile,31.058922204859293,0.10310198748553245
11,775.6402492523193,31.523967188915556,True,mile,31.523967188915556,0.10297384003062304
12,759.6511840820312,32.2352667942249,True,mile,32.2352667942249,0.10330111656659913
13,772.9344367980957,32.64115222053849,True,mile,32.64115222053849,0.10382013768325615
14,777.5473594665527,32.25292466813322,True,mile,32.25292466813322,0.10393977412471067
15,723.7560749053955,32.113628347545664,True,mile,32.113628347545664,0.10418359827112267
16,758.4044933319092,32.82488333971389,True,mile,32.82488333971389,0.10451293945312501
17,747.41530418396,32.48885068603404,True,mile,32.48885068603404,0.10406253767602236
18,771.6579437255859,32.197739086893236,True,mile,32.197739086893236,0.1037193467881945
19,714.8087024688721,32.88116838058819,True,mile,32.88116838058819,0.10381778293185762
20,717.5896167755127,32.90552005460713,True,mile,32.90552005460713,0.10357421121479549
21,759.2339515686035,32.79307175183551,True,mile,32.79307175183551,0.10363202130353011
22,770.6866264343262,33.24820137381537,True,mile,33.24820137381537,0.10408668047116132
23,766.9827938079834,33.454419636044136,True,mile,33.454419636044136,0.10436087902681324
24,736.3150119781494,32.97298271654141,True,mile,32.97298271654141,0.10432649588879239
25,795.9575653076172,33.206971481274685,True,mile,33.206971481274685,0.10446798442322536
26,746.1130619049072,32.95958071709215,True,mile,32.95958071709215,0.1045024542160976
27,771.3413238525391,32.99646674635675,True,mile,32.99646674635675,0.10435624487606099
28,775.1951217651367,32.61127851972057,True,mile,32.61127851972057,0.10434485541449656
29,728.3303737640381,33.243176136973794,True,mile,33.243176136973794,0.10429598207826962
30,757.3413848876953,32.876848025818106,True,mile,32.876848025818106,0.10402371630256557
31,866.0922050476074,32.00790017779064,True,mile,32.00790017779064,0.10438073429060568
32,858.1364154815674,31.013311265893,True,mile,31.013311265893,0.10412016315224726
33,686.8495941162109,30.571601397843175,True,mile,30.571601397843175,0.10387585298514657
34,755.1562786102295,29.887519341820166,True,mile,29.887519341820166,0.10368088710455248
35,738.7199401855469,29.72747048929864,True,mile,29.72747048929864,0.103180771815924
36,706.6705226898193,31.170823108319517,True,mile,31.170823108319517,0.10297543749397187
37,739.302396774292,32.123248632079125,True,mile,32.123248632079125,0.10279317220052087
38,711.7307186126709,33.762663637062026,True,mile,33.762663637062026,0.10277006926359955
39,711.4162445068359,35.020420472748356,True,mile,35.020420472748356,0.10244429600091631
40,720.6313610076904,36.24699660398083,True,mile,36.24699660398083,0.10224151611328125
41,754.9574375152588,37.019577531668176,True,mile,37.019577531668176,0.1021459132065008
42,813.90380859375,38.272082772930354,True,mile,38.272082772930354,0.1022760574905961
43,761.8145942687988,37.90656527468155,True,mile,37.90656527468155,0.10228924409842788
44,749.0792274475098,37.5773353815133,True,mile,37.5773353815133,0.10219029556086034
45,762.5069618225098,37.000457728180685,True,mile,37.000457728180685,0.10207828097873262
46,708.7044715881348,35.964381348596014,True,mile,35.964381348596014,0.10197759180893129
47,791.4772033691406,34.93525047145202,True,mile,34.93525047145202,0.10132172761140046
48,770.9305286407471,34.200757586904864,True,mile,34.200757586904864,0.10126197343991128
49,753.5793781280518,33.158628679974605,True,mile,33.158628679974605,0.10097061722366896
50,791.5458679199219,32.60266432659408,True,mile,32.60266432659408,0.10103661431206601
51,750.2641677856445,32.856641401614496,True,mile,32.856641401614496,0.10109414936583716
52,841.3667678833008,33.34363062163711,True,mile,33.34363062163711,0.10114033640166864
53,954.5440673828125,34.127355713232596,True,mile,34.127355713232596,0.10109206588179975
54,778.2464027404785,34.37094870284562,True,mile,34.37094870284562,0.10114813533830058
55,1033.7927341461182,33.963940600699054,True,mile,33.963940600699054,0.1012014770507812
56,934.1778755187988,32.83566783306199,True,mile,32.83566783306199,0.10114185474537041
57,805.9847354888916,31.53713942331094,True,mile,31.53713942331094,0.10104391215760034
58,777.2517204284668,30.406700017739592,True,mile,30.406700017739592,0.10071756621937689
59,783.5953235626221,30.01701321173624,True,mile,30.01701321173624,0.10047678252797065
60,758.5690021514893,30.106574063825406,True,mile,30.106574063825406,0.10028796160662612
61,766.913652420044,30.139031123648902,True,mile,30.139031123648902,0.10061133867428629
62,1003.6444664001465,30.327303317212788,True,mile,30.327303317212788,0.10033180142626352
63,784.4493389129639,30.58874308292975,True,mile,30.58874308292975,0.10013737054518712
64,758.1393718719482,31.250478448779187,True,mile,31.250478448779187,0.10007639943817515
65,785.64453125,31.276270961650987,True,mile,31.276270961650987,0.10017714512201004
66,779.9744606018066,31.501692245269716,True,mile,31.501692245269716,0.10064346125096446
67,798.8133430480957,31.51436400561363,True,mile,31.51436400561363,0.10099921332465278
68,788.0589962005615,31.818400839957576,True,mile,31.818400839957576,0.10118096622419948
69,724.2324352264404,31.458977531480322,True,mile,31.458977531480322,0.10155033817997683
70,854.0782928466797,31.739868462807912,True,mile,31.739868462807912,0.10199070306471836
71,766.7505741119385,31.86778641326946,True,mile,31.86778641326946,0.10259943455825615
72,745.5487251281738,31.894910106018653,True,mile,31.894910106018653,0.10317179361979167
73,780.3194522857666,31.339858205603793,True,mile,31.339858205603793,0.10369397575472605
74,747.5144863128662,31.696711970505635,True,mile,31.696711970505635,0.10396717589578508
75,778.7210941314697,31.816816116947074,True,mile,31.816816116947074,0.10448076789761762
76,786.9868278503418,32.065856006685635,True,mile,32.065856006685635,0.10506648687668785
77,793.097734451294,32.53075014805472,True,mile,32.53075014805472,0.10557090099946953
78,780.2505493164062,33.27481868163654,True,mile,33.27481868163654,0.10559976460021214
79,730.1757335662842,33.38897160035501,True,mile,33.38897160035501,0.10583692009066359
80,920.4769134521484,32.99930835148964,True,mile,32.99930835148964,0.10629289415147569
81,791.0616397857666,32.798974411858126,True,mile,32.798974411858126,0.1065968529972029
82,702.7366161346436,32.28855080230093,True,mile,32.28855080230093,0.1069373688874421
83,708.1217765808105,32.10569287832108,True,mile,32.10569287832108,0.10715437524112659
84,726.0730266571045,32.21207957790416,True,mile,32.21207957790416,0.10728472297574265
85,713.3917808532715,33.11292432209645,True,mile,33.11292432209645,0.1072962254653742
86,691.6239261627197,34.05738304488152,True,mile,34.05738304488152,0.10736463381920336
87,715.4879570007324,34.66297478076654,True,mile,34.66297478076654,0.1082058226032021
88,731.8243980407715,35.33053460942771,True,mile,35.33053460942771,0.10882951147762343
89,752.70676612854,35.14242477996366,True,mile,35.14242477996366,0.1093862274546682
90,785.1395606994629,34.47588622895334,True,mile,34.47588622895334,0.10988034472053432
91,803.6987781524658,32.76268883273993,True,mile,32.76268883273993,0.11065758975935569
92,760.673999786377,31.882848887112345,True,mile,31.882848887112345,0.11056273660542049
93,776.9384384155273,30.7417609422255,True,mile,30.7417609422255,0.11083357445987652
94,759.8559856414795,30.839982309046707,True,mile,30.839982309046707,0.11062905394000777
95,780.987024307251,31.584751997792523,True,mile,31.584751997792523,0.11051860291280868
96,754.1754245758057,32.96928268385708,True,mile,32.96928268385708,0.11041023913724923
97,757.7168941497803,33.841844611915334,True,mile,33.841844611915334,0.11008747618875381
98,733.4616184234619,34.602042452538726,True,mile,34.602042452538726,0.11012442883150075
99,784.2402458190918,35.24663014742381,True,mile,35.24663014742381,0.11026737542799958
100,759.7815990447998,35.10118775836681,True,mile,35.10118775836681,0.11011488172743056
101,765.0668621063232,34.80724582374995,True,mile,34.80724582374995,0.11003607479142552
102,780.2975177764893,34.393871882255425,True,mile,34.393871882255425,0.1100116908697435
103,763.7171745300293,33.900165378900496,True,mile,33.900165378900496,0.1098138277030285
104,746.6979026794434,33.08852955743074,True,mile,33.08852955743074,0.10917087884596832
105,822.6265907287598,32.12405383698426,True,mile,32.12405383698426,0.10894768608940975
106,755.6626796722412,31.47770873373521,True,mile,31.47770873373521,0.10884610776548032
107,704.2989730834961,31.081646140887955,True,mile,31.081646140887955,0.10920271508487656
108,721.3959693908691,31.31488300945289,True,mile,31.31488300945289,0.10969875382788385
109,715.8448696136475,31.24614148726791,True,mile,31.24614148726791,0.10976431010681909
110,712.6274108886719,31.672104415312173,True,mile,31.672104415312173,0.11012264298804009
111,763.6821269989014,32.61250870688518,True,mile,32.61250870688518,0.1100955727659626
112,764.8131847381592,33.637863609427825,True,mile,33.637863609427825,0.11018657543041088
113,768.4767246246338,33.707746952975135,True,mile,33.707746952975135,0.11022793993537805
114,732.0847511291504,34.07447974583857,True,mile,34.07447974583857,0.11021841543692135
115,801.9509315490723,34.34133401540223,True,mile,34.34133401540223,0.11014441596137148
116,751.410961151123,34.32762086939742,True,mile,34.32762086939742,0.11011109151957943
117,774.8322486877441,33.94073574219085,True,mile,33.94073574219085,0.1097240042980806
118,749.6762275695801,34.330191682423845,True,mile,34.330191682423845,0.1098162389684606
119,726.067304611206,34.61752601798999,True,mile,34.61752601798999,0.10978635811511384
120,767.982006072998,34.48756383701268,True,mile,34.48756383701268,0.10990213276427474
121,771.1937427520752,33.47694792055563,True,mile,33.47694792055563,0.11049676212263693
122,767.2233581542969,33.176251648946206,True,mile,33.176251648946206,0.11015860098379626
123,788.0818843841553,32.209279621776936,True,mile,32.209279621776936,0.11001415111400459
124,781.0685634613037,30.725074938576647,True,mile,30.725074938576647,0.1099690453800154
125,754.6703815460205,29.93508243407897,True,mile,29.93508243407897,0.10972966323664157
126,747.6108074188232,29.607457772546958,True,mile,29.607457772546958,0.10954146020206401
127,777.2088050842285,29.152102608243773,True,mile,29.152102608243773,0.10986582061390815
128,684.544563293457,29.175733583604178,True,mile,29.175733583604178,0.10995033169970103
129,778.527021408081,29.517415679384918,True,mile,29.517415679384918,0.1100297150788484
130,730.9985160827637,29.926945407214454,True,mile,29.926945407214454,0.11015013518156824
131,754.1298866271973,30.834924698718755,True,mile,30.834924698718755,0.1100285207489391
132,777.8079509735107,31.61221039455637,True,mile,31.61221039455637,0.10958649811921295
133,765.3191089630127,32.3955156513306,True,mile,32.3955156513306,0.10944334053698879
134,790.4226779937744,33.32239382251085,True,mile,33.32239382251085,0.10947755036530671
135,750.8001327514648,34.18029580908545,True,mile,34.18029580908545,0.10944276032624423
136,835.8733654022217,34.65090903187902,True,mile,34.65090903187902,0.10925029236593364
137,770.918607711792,35.10991396861637,True,mile,35.10991396861637,0.10864545657310953
138,705.3165435791016,34.678699768158175,True,mile,34.678699768158175,0.10850023434485923
139,897.5784778594971,34.01594844619957,True,mile,34.01594844619957,0.10835052866994599
140,939.6042823791504,33.717512610598845,True,mile,33.717512610598845,0.10852891710069446
141,785.057783126831,33.30962169269266,True,mile,33.30962169269266,0.10849282723886
142,779.56223487854,32.913672899074285,True,mile,32.913672899074285,0.10839966197072726
143,764.5151615142822,33.24759585545274,True,mile,33.24759585545274,0.10862887912326391
144,768.7838077545166,33.63658070083606,True,mile,33.63658070083606,0.1090493774414063
145,773.4382152557373,33.96760094232597,True,mile,33.96760094232597,0.10916915705174579
146,750.636100769043,34.710993043395085,True,mile,34.710993043395085,0.10888329023196375
147,757.641077041626,35.36608457813665,True,mile,35.36608457813665,0.1094448513454861
148,770.5450057983398,35.48249022534448,True,mile,35.48249022534448,0.1096448846510899
149,750.5507469177246,35.622065270695984,True,mile,35.622065270695984,0.10969728069540896
150,786.2987518310547,35.38209418403987,True,mile,35.38209418403987,0.10939944797092016
151,789.055347442627,34.2453154419349,True,mile,34.2453154419349,0.11011551845220868
152,771.1329460144043,33.810925503937774,True,mile,33.810925503937774,0.11019324031876931
153,727.6806831359863,34.528025547811495,True,mile,34.528025547811495,0.11036949628665127
154,851.5729904174805,35.81911071465977,True,mile,35.81911071465977,0.110402357313368
155,766.9439315795898,36.76212134584849,True,mile,36.76212134584849,0.11057570092472024
156,963.5729789733887,38.21967999516812,True,mile,38.21967999516812,0.1106400666413484
157,767.8501605987549,38.90153871952513,True,mile,38.90153871952513,0.1103727891710069
158,802.1492958068848,37.27424033251974,True,mile,37.27424033251974,0.11046809443721062
159,783.8408946990967,35.42785987980071,True,mile,35.42785987980071,0.11062278464988429
160,769.4530487060547,33.78240111112024,True,mile,33.78240111112024,0.11063119393807874
161,757.387638092041,32.4047796070923,True,mile,32.4047796070923,0.11108532940899885
162,712.4378681182861,31.22434414765586,True,mile,31.22434414765586,0.11124277373890823
163,744.7142601013184,31.463594252736378,True,mile,31.463594252736378,0.11117904474705831
164,755.6667327880859,31.61379908837962,True,mile,31.61379908837962,0.11077738067250198
165,747.0071315765381,31.55314289727314,True,mile,31.55314289727314,0.1105604119948399
166,771.2693214416504,31.147648732808477,True,mile,31.147648732808477,0.11075797375337582
167,774.0898132324219,30.573596850601472,True,mile,30.573596850601472,0.1105731615608121
168,771.6434001922607,30.29741885395284,True,mile,30.29741885395284,0.1101824122299383
169,751.3914108276367,29.997199339004556,True,mile,29.997199339004556,0.1100087446047936
170,802.1631240844727,29.579277085171828,True,mile,29.579277085171828,0.10988164077570406
171,749.6247291564941,28.57355283490291,True,mile,28.57355283490291,0.11044791139202348
172,767.5631046295166,26.21886769193254,True,mile,26.21886769193254,0.11181887026186343
173,800.9243011474609,23.92259793468148,True,mile,23.92259793468148,0.11382207046320414
174,750.065803527832,22.3235152978712,True,mile,22.3235152978712,0.11528763759283367
175,779.0939807891846,21.949029305489645,True,mile,21.949029305489645,0.11611484857253085
176,678.0176162719727,22.16502544802754,True,mile,22.16502544802754,0.11635972387996718
177,809.8716735839844,23.349952925921063,True,mile,23.349952925921063,0.11697038438585072
178,731.9612503051758,24.54729342814649,True,mile,24.54729342814649,0.11823204888237848
179,785.6662273406982,25.00184860252326,True,mile,25.00184860252326,0.1211504486460745
180,782.2647094726562,24.152278505340334,True,mile,24.152278505340334,0.1246888940128279
181,807.2123527526855,23.02597963357966,True,mile,23.02597963357966,0.1306757345317322
182,770.4637050628662,22.527821107328343,True,mile,22.527821107328343,0.13858527289496525
183,720.6196784973145,22.00713437693282,True,mile,22.00713437693282,0.15032882502049572
184,775.7582664489746,21.69652159902569,True,mile,21.69652159902569,0.16190009223090274
185,735.9189987182617,21.83597596234068,True,mile,21.83597596234068,0.17121730851538386
186,821.932315826416,22.35348251542856,True,mile,22.35348251542856,0.17642054428288967
187,741.9793605804443,22.99478689779148,True,mile,22.99478689779148,0.17583742494936339
188,750.1516342163086,23.627530636711242,True,mile,23.627530636711242,0.17437211401668595
189,783.3871841430664,24.263973853339188,True,mile,24.263973853339188,0.17362532250675156
190,768.4078216552734,25.001955242461804,True,mile,25.001955242461804,0.17268704638069055
191,786.7839336395264,25.60804004742611,True,mile,25.60804004742611,0.17350505310812114
192,700.7186412811279,26.266060029426132,True,mile,26.266060029426132,0.1774243051034433
193,846.6958999633789,26.494772111400106,True,mile,26.494772111400106,0.18522171962408374
194,751.8782615661621,26.49083510151562,True,mile,26.49083510151562,0.19978532579210073
195,781.764030456543,26.02809958493549,True,mile,26.02809958493549,0.2209677726839796
196,688.5943412780762,25.639424058516056,True,mile,25.639424058516056,0.24657707685305752
197,772.7394104003906,24.347293188742054,True,mile,24.347293188742054,0.267657692991657
198,807.15012550354,23.515521891018768,True,mile,23.515521891018768,0.27592883074725116
199,770.9503173828125,22.77833786261585,True,mile,22.77833786261585,0.27761284722222224
200,752.2830963134766,22.83263994423507,True,mile,22.83263994423507,0.27713358937958144
201,763.500452041626,22.842058442637246,True,mile,22.842058442637246,0.28983194610218943
202,757.6379776000977,22.938907885369105,True,mile,22.938907885369105,0.31182583279079856
203,770.1783180236816,22.79276793496112,True,mile,22.79276793496112,0.3354691531334394
204,807.1835041046143,22.794509830362735,True,mile,22.794509830362735,0.3530495424623843
205,714.409589767456,22.631769089931772,True,mile,22.631769089931772,0.361904232825762
206,791.5382385253906,22.741134928060987,True,mile,22.741134928060987,0.37367043577594516
207,770.1056003570557,23.4535819756162,True,mile,23.4535819756162,0.37934520580150466
208,824.9025344848633,24.421959579749796,True,mile,24.421959579749796,0.3728343709309896
209,715.8069610595703,25.41369087258362,True,mile,25.41369087258362,0.3656045193142361
210,774.0297317504883,26.585665115512832,True,mile,26.585665115512832,0.3488108543113426
211,750.377893447876,28.45612672120089,True,mile,28.45612672120089,0.33097305486231676
212,783.6437225341797,29.777153246064916,True,mile,29.777153246064916,0.3224750622407889
213,725.9173393249512,30.688908647966294,True,mile,30.688908647966294,0.3073668717749325
214,766.6561603546143,30.98926811619189,True,mile,30.98926811619189,0.29536376576364776
215,820.8415508270264,30.57392321471962,True,mile,30.57392321471962,0.28324306158371915
216,1065.5384063720703,29.798689505538903,True,mile,29.798689505538903,0.27709074797453703
217,689.9998188018799,29.63486456095684,True,mile,29.63486456095684,0.2689777477876639
218,753.9560794830322,29.38274881996437,True,mile,29.38274881996437,0.2576982248565297
219,759.427547454834,29.432434682841983,True,mile,29.432434682841983,0.24836305217978394
220,763.1001472473145,30.13282829561219,True,mile,30.13282829561219,0.24197600188078705
221,808.4123134613037,30.637047447590238,True,mile,30.637047447590238,0.23577840922791282
222,761.4481449127197,31.193597218565788,True,mile,31.193597218565788,0.22883451862099735
223,766.5233612060547,32.249669942440065,True,mile,32.249669942440065,0.21966687614535108
224,773.392915725708,33.21581297833454,True,mile,33.21581297833454,0.20899900836709107
225,758.6534023284912,33.44656904789016,True,mile,33.44656904789016,0.19730310133945794
226,789.665937423706,33.64822741396815,True,mile,33.64822741396815,0.17982143825954866
227,794.0785884857178,33.84074342126163,True,mile,33.84074342126163,0.16212785885657788
228,816.3108825683594,34.16006623825778,True,mile,34.16006623825778,0.14228533709490743
229,789.5791530609131,35.13125287074434,True,mile,35.13125287074434,0.12707576045283564
230,836.094856262207,36.59037430881845,True,mile,36.59037430881845,0.12176165922188464
231,756.7269802093506,37.54362749584503,True,mile,37.54362749584503,0.11781619225019291
232,704.9577236175537,38.5214165614626,True,mile,38.5214165614626,0.11014283356843169
233,753.4081935882568,38.04603972382553,True,mile,38.04603972382553,0.07421058560595095
234,813.6498928070068,37.2547717804954,True,mile,37.2547717804954,0.029212751977237605
235,759.1736316680908,36.28733678382801,True,mile,36.28733678382801,0.030821258168161725
236,767.6398754119873,36.119412848657205,True,mile,36.119412848657205,0.09884437466845108
237,760.9403133392334,35.27538931520503,True,mile,35.27538931520503,0.13621386492693865
238,781.7287445068359,35.4312705929325,True,mile,35.4312705929325,0.1550540311836901
239,748.3725547790527,35.445042584305085,True,mile,35.445042584305085,0.16245652187017745
240,737.8036975860596,35.206631806566065,True,mile,35.206631806566065,0.16254837978033376
241,777.3568630218506,34.75945900301007,True,mile,34.75945900301007,0.15351952446831607
242,702.3015022277832,34.961029603458336,True,mile,34.961029603458336,0.11906644467954286
243,764.0292644500732,33.94868479086133,True,mile,33.94868479086133,0.07553097948615939
244,796.4105606079102,31.97932136834355,True,mile,31.97932136834355,0.020645620087046623
245,711.355447769165,29.9474858180292,True,mile,29.9474858180292,0.013424019519193697
246,803.471565246582,27.550937290717513,True,mile,27.550937290717513,0.04446145140094526
247,689.51416015625,24.80652660027045,True,mile,24.80652660027045,0.0659399979202836
248,771.2962627410889,23.240485024587333,True,mile,23.240485024587333,0.08499729486159335
249,771.5671062469482,22.48602717335847,True,mile,22.48602717335847,0.10260411015263315
250,799.5636463165283,22.456080024860675,True,mile,22.456080024860675,0.10839364510995375
251,775.3312587738037,22.261919929963994,True,mile,22.261919929963994,0.11782164020302854
252,749.727725982666,22.527614283013996,True,mile,22.527614283013996,0.12286099657600313
253,759.7606182098389,23.41223292438202,True,mile,23.41223292438202,0.1263027200581115
254,728.9760112762451,24.201208811777,True,mile,24.201208811777,0.12845286804952738
255,734.2965602874756,24.693705246371607,True,mile,24.693705246371607,0.12496511953848377
256,718.5759544372559,25.538768323090476,True,mile,25.538768323090476,0.1184990249445409
257,728.3148765563965,26.068940680332258,True,mile,26.068940680332258,0.10630725625120563
258,754.2026042938232,26.104257615702824,True,mile,26.104257615702824,0.0973644567418982
259,779.8187732696533,26.165399974060335,True,mile,26.165399974060335,0.08550302764515816
260,754.5263767242432,25.995963820430582,True,mile,25.995963820430582,0.07308511616271218
261,774.2242813110352,25.73059065368709,True,mile,25.73059065368709,0.0594131695782697
262,777.747631072998,25.192034902021238,True,mile,25.192034902021238,0.04347537947289737
263,831.622838973999,24.24596989386015,True,mile,24.24596989386015,0.02796881781684024
264,753.6091804504395,23.128702143576568,True,mile,23.128702143576568,0.011691446186583687
265,796.8668937683105,22.253918387677892,True,mile,22.253918387677892,0.0046565642180266265
266,724.7405052185059,21.461285865651096,True,mile,21.461285865651096,0.005084526156201807
267,759.0911388397217,20.64066269897876,True,mile,20.64066269897876,0.022361374843267834
268,779.1252136230469,19.84975895774973,True,mile,19.84975895774973,0.06529683807749809
269,37.36162185668945,18.726356088691553,False,Blocked,18.726356088691553,0.12895938449435773
270,35.48383712768555,17.203826866514852,False,Blocked,17.203826866514852,0.19106316837263693
271,34.65604782104492,15.391364674364976,False,Blocked,15.391364674364976,0.26282099217544364
272,27.106046676635742,13.322653835678858,False,Blocked,13.322653835678858,0.35859295880353015
273,29.180049896240234,11.514677843871663,False,Blocked,11.514677843871663,0.47227670928578314
274,29.71816062927246,9.891054358596232,False,Blocked,9.891054358596232,0.5851369937849633
275,16.13140106201172,8.317292962768814,False,Blocked,8.317292962768814,0.6655814841941552
276,25.460004806518555,7.014965696552302,False,Blocked,7.014965696552302,0.7290285426010321
277,15.93470573425293,6.008789084557032,False,Blocked,6.008789084557032,0.7876725712528936
278,16.132831573486328,4.861656082882234,False,Blocked,4.861656082882234,0.8312313352985146
279,16.0825252532959,4.032962246425717,False,Blocked,4.032962246425717,0.8624028297706887
280,15.85698127746582,3.9237028073815026,False,Blocked,3.9237028073815026,0.8091054732711227
281,17.558813095092773,3.551650830147616,False,Blocked,3.551650830147616,0.8151466539171006
282,16.014575958251953,3.3724666176847675,False,Blocked,3.3724666176847675,0.8157659120912906
283,31.958580017089844,3.5462194166430274,False,Blocked,3.5462194166430274,0.7915681514033566
284,31.525373458862305,4.095004422845757,False,Blocked,4.095004422845757,0.7644454880702642
285,31.123876571655273,4.263996703488326,False,Blocked,4.263996703488326,0.729326202015818
286,15.179634094238281,5.333190165635144,False,Blocked,5.333190165635144,0.6880284476574556
287,32.66787528991699,5.989436111541829,False,Blocked,5.989436111541829,0.6290267944335937
288,27.060270309448242,7.07112312787617,False,Blocked,7.07112312787617,0.560761733820409
289,16.030073165893555,7.134320466283244,False,Blocked,7.134320466283244,0.48897592803578327
290,15.940666198730469,6.7744997690323085,False,Blocked,6.7744997690323085,0.41517960913387353
291,32.920122146606445,6.7644989163658265,False,Blocked,6.7644989163658265,0.34417140631028165
292,20.517349243164062,7.618684393152961,False,Blocked,7.618684393152961,0.2872015569239488
293,16.15595817565918,7.0814752879787735,False,Blocked,7.0814752879787735,0.2515642670054494
294,24.631023406982422,7.095877683463814,False,Blocked,7.095877683463814,0.22624013264973963
295,31.853199005126953,7.596778342208134,False,Blocked,7.596778342208134,0.20329774456259653
296,32.109975814819336,7.754125663950172,False,Blocked,7.754125663950172,0.1802484243887441
297,31.670093536376953,8.441439323543719,False,Blocked,8.441439323543719,0.15939762821903924
298,15.862226486206055,9.270886473295505,False,Blocked,9.270886473295505,0.1385556520061728
299,15.726566314697266,10.136729067254482,False,Blocked,10.136729067254482,0.11996435094762736
300,27.750015258789062,10.953135703588321,False,Blocked,10.953135703588321,0.1058930988076292
301,23.40412139892578,12.031439134418457,False,Blocked,12.031439134418457,0.09613517855420528
302,21.72565460205078,11.74541994210963,False,Blocked,11.74541994210963,0.0776844919463735
303,24.648427963256836,13.300841527753358,False,Blocked,13.300841527753358,0.050412688078703694
304,30.786991119384766,14.39197916305786,False,Blocked,14.39197916305786,0.017906690055941255
305,13.218164443969727,15.556710449532716,False,Blocked,15.556710449532716,0.004644134898244556
306,15.776634216308594,17.074503372257084,False,Blocked,17.074503372257084,0.02737030406057095
307,15.817642211914062,17.876967197306744,False,Blocked,17.876967197306744,0.03975435610170719
308,17.363786697387695,17.24318826054958,False,Blocked,17.24318826054958,0.07130552315417626
309,22.433042526245117,17.2116824691678,False,Blocked,17.2116824691678,0.09283622082368825
310,10.970354080200195,16.883243618727438,False,Blocked,16.883243618727438,0.10494437135296109
311,36.31925582885742,14.407278918351722,False,Blocked,14.407278918351722,0.107777163658613
312,26.236534118652344,14.386971137954532,False,Blocked,14.386971137954532,0.09922212200400271
313,31.821012496948242,14.40382106053747,False,Blocked,14.40382106053747,0.09270575629340283
314,23.070812225341797,13.847318750028325,False,Blocked,13.847318750028325,0.08198845380618247
315,11.577367782592773,12.887562964412373,False,Blocked,12.887562964412373,0.06995348518277389
316,16.205310821533203,12.664188438219753,False,Blocked,12.664188438219753,0.05472352958019866
317,32.78160095214844,11.419252107696884,False,Blocked,11.419252107696884,0.04956643186969523
318,28.33867073059082,10.566545702720983,False,Blocked,10.566545702720983,0.05131008195288389
319,32.70459175109863,10.61253277562448,False,Blocked,10.61253277562448,0.05835429627218369
320,32.375335693359375,11.402654304574401,False,Blocked,11.402654304574401,0.06915723635826587
321,15.477895736694336,12.464333423571267,False,Blocked,12.464333423571267,0.07440262782720874
322,32.068490982055664,13.673602229691374,False,Blocked,13.673602229691374,0.07183247130594139
323,29.687881469726562,14.896722506197984,False,Blocked,14.896722506197984,0.08004480055820795
324,28.96428108215332,15.831270334168778,False,Blocked,15.831270334168778,0.10150982138551312
325,35.23111343383789,16.48060752344039,False,Blocked,16.48060752344039,0.12875978446301117
326,15.855550765991211,16.91958407077719,False,Blocked,16.91958407077719,0.156400383843316
327,31.885623931884766,17.28464850207354,False,Blocked,17.28464850207354,0.17593372486255787
328,15.937566757202148,17.189250927958756,False,Blocked,17.189250927958756,0.1841028434847608
329,15.786886215209961,17.635519836200654,False,Blocked,17.635519836200654,0.17493856171031053
330,38.05732727050781,18.619740323968394,False,Blocked,18.619740323968394,0.17013284942250195
331,722.4555015563965,21.594546179104842,True,mile,21.594546179104842,0.17278297330126346
332,756.8860054016113,22.734640192780486,True,mile,22.734640192780486,0.18494400966314617
333,717.3068523406982,25.12792404737903,True,mile,25.12792404737903,0.20147995937017749
334,699.120283126831,28.90638035956051,True,mile,28.90638035956051,0.218580861032745
335,729.872465133667,31.86318871261027,True,mile,31.86318871261027,0.2239133783034336
336,754.9941539764404,34.261291233269425,True,mile,34.261291233269425,0.2292342122395833
337,748.206615447998,36.10350647527991,True,mile,36.10350647527991,0.234104018976659
338,768.1798934936523,35.10576419530286,True,mile,35.10576419530286,0.22682752821180552
339,749.8860359191895,35.38888080762577,True,mile,35.38888080762577,0.22119474811318485
340,749.8033046722412,34.68831387083877,True,mile,34.68831387083877,0.1985783668800637
341,778.7950038909912,35.309379467598504,True,mile,35.309379467598504,0.17184221432532798
342,751.3446807861328,37.462024590751085,True,mile,37.462024590751085,0.14073098641854742
343,756.7052841186523,41.65048504082624,True,mile,41.65048504082624,0.1140777399510513
344,747.7931976318359,43.774909027875964,True,mile,43.774909027875964,0.09186371226369594
345,772.97043800354,47.77666268195728,True,mile,47.77666268195728,0.08932089346426508
346,799.6437549591064,50.284388179414734,True,mile,50.284388179414734,0.10093521306544173
347,775.8650779724121,53.947213693299624,True,mile,53.947213693299624,0.1215709620346258
348,806.2570095062256,55.3955464345551,True,mile,55.3955464345551,0.13445583013840667
349,789.1232967376709,54.78446648939452,True,mile,54.78446648939452,0.13068955786434222
350,776.2033939361572,54.55820357008438,True,mile,54.55820357008438,0.12044809223693098
351,768.2383060455322,53.03748288387637,True,mile,53.03748288387637,0.10830883638358413
352,868.8755035400391,49.442600841258695,True,mile,49.442600841258695,0.09787379888840664
353,977.4670600891113,47.361880261044554,True,mile,47.361880261044554,0.08781135841652199
354,684.6914291381836,44.84910806189456,True,mile,44.84910806189456,0.08559449749228398
355,770.4861164093018,40.93866089462928,True,mile,40.93866089462928,0.08507664056471831
356,801.7406463623047,37.05481980693425,True,mile,37.05481980693425,0.088170482494213
357,752.6400089263916,34.30596965436664,True,mile,34.30596965436664,0.09194664849175349
358,819.8294639587402,32.25879005170262,True,mile,32.25879005170262,0.10102853657286848
359,749.0105628967285,31.13643906200109,True,mile,31.13643906200109,0.10351369598765436
360,767.6689624786377,30.75340339166241,True,mile,30.75340339166241,0.10699091781804593
361,763.9017105102539,29.808392927849876,True,mile,29.808392927849876,0.11580263114269873
362,756.9677829742432,28.816528673528275,True,mile,28.816528673528275,0.11614890769675923
363,790.2882099151611,27.87127763801838,True,mile,27.87127763801838,0.12015041775173607
364,721.8017578125,27.935546744444345,True,mile,27.935546744444345,0.12126111442660104
365,807.2917461395264,26.486237046016395,True,mile,26.486237046016395,0.12293940414617088
366,892.0407295227051,24.776137892656344,True,mile,24.776137892656344,0.1266541356216242
367,727.0193099975586,23.383373430921118,True,mile,23.383373430921118,0.13216278452932095
368,737.6995086669922,21.83300778834097,True,mile,21.83300778834097,0.14441362169053817
369,767.9510116577148,19.8627451516846,True,mile,19.8627451516846,0.15462091139805167
370,742.4728870391846,19.176622087961256,True,mile,19.176622087961256,0.16034232057171105
371,768.6758041381836,19.619294738083745,True,mile,19.619294738083745,0.16604048363956403
372,811.143159866333,19.967681307070713,True,mile,19.967681307070713,0.17086264151114006
373,750.2357959747314,20.471363881271124,True,mile,20.471363881271124,0.16987274169921873
374,714.1478061676025,20.769188446612016,True,mile,20.769188446612016,0.1665107256100502
375,747.3158836364746,21.187842474741863,True,mile,21.187842474741863,0.1599692978093653
376,758.8322162628174,21.203625161998254,True,mile,21.203625161998254,0.15252184832537619
377,765.4945850372314,21.189757110701855,True,mile,21.189757110701855,0.14313088122709294
378,736.433744430542,21.312297529987003,True,mile,21.312297529987003,0.13816831989052858
379,750.0543594360352,21.781759045539186,True,mile,21.781759045539186,0.13264169952015814
380,786.8332862854004,22.45692639067078,True,mile,22.45692639067078,0.1276495625060282
381,753.6113262176514,23.228955721152232,True,mile,23.228955721152232,0.12279415554470485
382,760.7731819152832,23.90611688878114,True,mile,23.90611688878114,0.11772017490716624
383,708.4360122680664,24.587022850528175,True,mile,24.587022850528175,0.11239436773606293
384,760.8597278594971,25.21447810293408,True,mile,25.21447810293408,0.1076452033902392
385,777.0066261291504,25.29066241715796,True,mile,25.29066241715796,0.10507485848886
386,746.6428279876709,25.401494967359916,True,mile,25.401494967359916,0.10279840540002894
387,834.1078758239746,25.85959391063679,True,mile,25.85959391063679,0.10173664987823106
388,770.4451084136963,26.01950179453662,True,mile,26.01950179453662,0.10142397280092597
389,702.3248672485352,26.116091685272806,True,mile,26.116091685272806,0.10241204909336421
390,781.7919254302979,26.023452407727923,True,mile,26.023452407727923,0.10343147937162422
391,805.7761192321777,25.440561308743977,True,mile,25.440561308743977,0.10498272554374033
392,756.380558013916,25.05464909575322,True,mile,25.05464909575322,0.10456552764515814
393,793.2727336883545,25.002843835149427,True,mile,25.002843835149427,0.10270079059365356
394,829.8470973968506,25.054381259233267,True,mile,25.054381259233267,0.09884186544536078
395,689.7509098052979,25.372238904181025,True,mile,25.372238904181025,0.09440564944420327
396,716.9065475463867,26.38419241809879,True,mile,26.38419241809879,0.09058382387514463
397,715.3422832489014,27.140619984011504,True,mile,27.140619984011504,0.08845055474175345
398,720.649242401123,26.907004243551334,True,mile,26.907004243551334,0.08984545672381361
399,715.9829139709473,24.656898050503667,True,mile,24.656898050503667,0.09295481740692513
400,789.6072864532471,23.122555554373555,True,mile,23.122555554373555,0.09571133837287804
401,725.7051467895508,21.389113810619328,True,mile,21.389113810619328,0.09559499481577927
402,749.1958141326904,20.157272663745253,True,mile,20.157272663745253,0.09677220097294559
403,716.2172794342041,19.572843067860678,True,mile,19.572843067860678,0.09635603539737658
404,797.2607612609863,20.17364177527249,True,mile,20.17364177527249,0.09332874062620566
405,768.7208652496338,19.777604345776325,True,mile,19.777604345776325,0.09265255774980707
406,17.897367477416992,18.426060064393567,False,Blocked,18.426060064393567,0.0994827496563947
407,26.157617568969727,16.659655709274418,False,Blocked,16.659655709274418,0.1205440681363329
408,31.842708587646484,15.438506272352857,False,Blocked,15.438506272352857,0.1308270301347897
409,23.43893051147461,14.39413995049101,False,Blocked,14.39413995049101,0.12598256052276235
410,30.104398727416992,13.059311349837136,False,Blocked,13.059311349837136,0.1100941109362944
411,31.850337982177734,12.692024516045958,False,Blocked,12.692024516045958,0.08747524685329866
412,30.632972717285156,12.349164005180679,False,Blocked,12.349164005180679,0.08965611587336031
413,31.46219253540039,11.88826100450039,False,Blocked,11.88826100450039,0.10121010109230322
414,34.46555137634277,10.910254215698847,False,Blocked,10.910254215698847,0.0983123176480517
415,25.937557220458984,10.456384279365697,False,Blocked,10.456384279365697,0.10220522280092592
416,16.466379165649414,9.978083473247104,False,Blocked,9.978083473247104,0.12957472059461805
417,24.939537048339844,9.317046293714466,False,Blocked,9.317046293714466,0.17099436442057292
418,34.088850021362305,8.275864842915642,False,Blocked,8.275864842915642,0.1853944566514757
419,21.646738052368164,7.97749988066534,False,Blocked,7.97749988066534,0.1770612476490162
420,20.34783363342285,7.76453749772823,False,Blocked,7.76453749772823,0.15517770272714115
421,23.123979568481445,8.015612817623103,False,Blocked,8.015612817623103,0.12160759443118252
422,25.07638931274414,8.407700238472941,False,Blocked,8.407700238472941,0.11163136800130213
423,32.28926658630371,8.940940229100821,False,Blocked,8.940940229100821,0.10778935938705636
424,24.963855743408203,9.37794500222586,False,Blocked,9.37794500222586,0.1123209936824846
425,16.07990264892578,9.82334550048335,False,Blocked,9.82334550048335,0.13626488579644103
426,28.746604919433594,9.685482792438446,False,Blocked,9.685482792438446,0.16393412272135421
427,31.97789192199707,9.306068262082997,False,Blocked,9.306068262082997,0.18031643714433832
428,31.418323516845703,8.571473885345016,False,Blocked,8.571473885345016,0.1704125675154321
429,34.723758697509766,8.024500563377376,False,Blocked,8.024500563377376,0.15661475664303626
430,17.263412475585938,7.722180428875653,False,Blocked,7.722180428875653,0.1320942895206404
431,11.732816696166992,7.757927402453942,False,Blocked,7.757927402453942,0.09736826202015814
432,22.94135093688965,7.735906479015052,False,Blocked,7.735906479015052,0.09135024459273722
433,28.39493751525879,7.972372733843164,False,Blocked,7.972372733843164,0.08284573401933837
434,19.782543182373047,8.29351883664113,False,Blocked,8.29351883664113,0.09830571304132907
435,22.220134735107422,8.257874823681423,False,Blocked,8.257874823681423,0.13016292995876733
436,9.056568145751953,8.245769661610757,False,Blocked,8.245769661610757,0.16071545259452158
437,16.190528869628906,8.248734534072677,False,Blocked,8.248734534072677,0.16129715907720876
438,16.035795211791992,8.071464310362362,False,Blocked,8.071464310362362,0.14666583779417441
439,9.934425354003906,8.213941236733898,False,Blocked,8.213941236733898,0.12606184594425152
440,16.175270080566406,8.547845593881231,False,Blocked,8.547845593881231,0.0862127798574942
441,22.42732048034668,8.386977924217451,False,Blocked,8.386977924217451,0.09018017804181133
442,27.321338653564453,8.22199419672906,False,Blocked,8.22199419672906,0.0684930759006076
443,15.777349472045898,8.414747747704402,False,Blocked,8.414747747704402,0.06968069571035884
444,27.378559112548828,8.304580665122682,False,Blocked,8.304580665122682,0.09861709406346453
445,22.639751434326172,8.084177960104515,False,Blocked,8.084177960104515,0.14964879918981477
446,25.167465209960938,8.231927257189525,False,Blocked,8.231927257189525,0.16976563630280672
447,33.06722640991211,8.255106694638323,False,Blocked,8.255106694638323,0.14696598759403934
448,42.49310493469238,8.554540770929005,False,Blocked,8.554540770929005,0.1300586841724537
449,18.765687942504883,8.722215994635505,False,Blocked,8.722215994635505,0.10972774552710263
450,37.4448299407959,8.807482770682643,False,Blocked,8.807482770682643,0.061525212040653976
451,40.76671600341797,9.286142674576968,False,Blocked,9.286142674576968,0.06706992443696957
452,11.904001235961914,9.659765369120318,False,Blocked,9.659765369120318,0.05536720558449071
453,32.00840950012207,9.599676201371047,False,Blocked,9.599676201371047,0.06185416139202349
454,31.59332275390625,9.49111554595017,False,Blocked,9.49111554595017,0.0913161817009066
455,15.809774398803711,9.121149670851336,False,Blocked,9.121149670851336,0.14305705882884834
456,15.804767608642578,8.29915019291156,False,Blocked,8.29915019291156,0.17130888762297458
457,16.048431396484375,7.739465488954535,False,Blocked,7.739465488954535,0.16034288194444446
458,33.96272659301758,7.255873861010447,False,Blocked,7.255873861010447,0.14994506835937504
459,31.414031982421875,6.901690330148566,False,Blocked,6.901690330148566,0.1349353969244309
460,19.830703735351562,6.913482596583274,False,Blocked,6.913482596583274,0.08871354844835067
461,8.24117660522461,6.864078945513205,False,Blocked,6.864078945513205,0.10680404097945606
462,15.871524810791016,7.074438515196098,False,Blocked,7.074438515196098,0.09968840045693483
463,15.83099365234375,7.171971491329482,False,Blocked,7.171971491329482,0.09463797863618828
464,22.75228500366211,7.153327587200505,False,Blocked,7.153327587200505,0.10873783817997684
465,21.718740463256836,7.21254419145112,False,Blocked,7.21254419145112,0.14644741858965082
466,15.928506851196289,6.9907694777442355,False,Blocked,6.9907694777442355,0.2101561105987172
467,15.84005355834961,6.814769283798119,False,Blocked,6.814769283798119,0.2391676952220776
468,31.81314468383789,6.599356476965336,False,Blocked,6.599356476965336,0.2049962663061825
469,21.714448928833008,6.476341995435962,False,Blocked,6.476341995435962,0.20192607361593362
470,16.016721725463867,6.2836299542909835,False,Blocked,6.2836299542909835,0.17527718249662427
471,25.31719207763672,6.560325269923814,False,Blocked,6.560325269923814,0.13842738775559416
472,29.853105545043945,6.667140756727187,False,Blocked,6.667140756727187,0.0829647751796393
473,15.98501205444336,6.745130444241653,False,Blocked,6.745130444241653,0.09668452510127312
474,16.033411026000977,6.8771535039737115,False,Blocked,6.8771535039737115,0.16033601737316738
475,35.823822021484375,6.938171926153106,False,Blocked,6.938171926153106,0.22276539743682489
476,15.015363693237305,6.996060846531333,False,Blocked,6.996060846531333,0.21471149209104934
477,16.49308204650879,6.887248440941164,False,Blocked,6.887248440941164,0.17340992115162035
478,15.780210494995117,7.042814966386565,False,Blocked,7.042814966386565,0.1728292394567419
479,16.042232513427734,6.809769545328132,False,Blocked,6.809769545328132,0.12865696659794557
480,35.310983657836914,7.035965047542395,False,Blocked,7.035965047542395,0.10874344437210648
481,26.60989761352539,7.707119939205876,False,Blocked,7.707119939205876,0.0619032268759645
482,10.927677154541016,7.8892806257958465,False,Blocked,7.8892806257958465,0.029689862286602975
483,16.13306999206543,7.806912881952398,False,Blocked,7.806912881952398,0.043539349591290466
484,15.855550765991211,8.009489945995004,False,Blocked,8.009489945995004,0.10804738362630206
485,8.987903594970703,7.54241375329493,False,Blocked,7.54241375329493,0.15222872133608223
486,16.112565994262695,6.667919928875949,False,Blocked,6.667919928875949,0.16574732650945212
487,16.566038131713867,6.608713039597156,False,Blocked,6.608713039597156,0.14277338098596648
488,16.219377517700195,6.398710011860598,False,Blocked,6.398710011860598,0.12834198751567327
489,9.914636611938477,6.387414184256299,False,Blocked,6.387414184256299,0.06681342984423222
490,20.576000213623047,6.590083449272875,False,Blocked,6.590083449272875,0.09016525456934799
491,26.15070343017578,6.827983338853289,False,Blocked,6.827983338853289,0.06280754183545523
492,33.77676010131836,6.719522934611757,False,Blocked,6.719522934611757,0.034252236448688245
493,34.00993347167969,6.506508107200313,False,Blocked,6.506508107200313,0.058008343731915546
494,40.712833404541016,6.386803256651699,False,Blocked,6.386803256651699,0.13132535204475304
495,15.890121459960938,6.259746348399117,False,Blocked,6.259746348399117,0.18525325068721066
496,16.163110733032227,6.150024563716078,False,Blocked,6.150024563716078,0.16461142457561728
497,27.74643898010254,6.031017768228253,False,Blocked,6.031017768228253,0.13098956072771994
498,23.572683334350586,6.540605842477861,False,Blocked,6.540605842477861,0.09437114574291083
499,26.7026424407959,6.652989040709026,False,Blocked,6.652989040709026,0.07483316680531438
500,31.88037872314453,6.8442639295000145,False,Blocked,6.8442639295000145,0.054004900896990726
501,32.02247619628906,6.588144177045388,False,Blocked,6.588144177045388,0.0799500868055556
502,30.810832977294922,6.695831293158534,False,Blocked,6.695831293158534,0.1533642389744888
503,30.765056610107422,6.201933716888684,False,Blocked,6.201933716888684,0.21649873333212766
504,32.01484680175781,6.061886940250312,False,Blocked,6.061886940250312,0.21402916048779896
505,29.462575912475586,6.02782916045268,False,Blocked,6.02782916045268,0.19518860993561926
506,20.345449447631836,5.998732136132464,False,Blocked,5.998732136132464,0.1721896362304688
507,21.175622940063477,6.081691432437766,False,Blocked,6.081691432437766,0.12981308925298995
508,20.74909210205078,6.521085440571684,False,Blocked,6.521085440571684,0.12964361120153356
509,22.442340850830078,6.818249462115894,False,Blocked,6.818249462115894,0.11906808735411845
510,22.94468879699707,6.890046047974518,False,Blocked,6.890046047974518,0.1174358188958815
511,20.58720588684082,7.5157402041585515,False,Blocked,7.5157402041585515,0.14653662410783175
512,15.652656555175781,7.562620018572976,False,Blocked,7.562620018572976,0.20363818133318867
513,22.829294204711914,7.558797555866144,False,Blocked,7.558797555866144,0.2543902437186536
514,21.34084701538086,7.441227681831087,False,Blocked,7.441227681831087,0.27890932059582374
515,15.761852264404297,7.299799151186425,False,Blocked,7.299799151186425,0.2687135710539641
516,12.93802261352539,6.712932717198639,False,Blocked,6.712932717198639,0.24082843545042443
517,15.84625244140625,6.647440124457438,False,Blocked,6.647440124457438,0.2235526567623939
518,40.308237075805664,6.626793932601679,False,Blocked,6.626793932601679,0.19541338885271986
519,15.885114669799805,6.484934835483275,False,Blocked,6.484934835483275,0.15314435040509256
520,16.072750091552734,6.862907637819868,False,Blocked,6.862907637819868,0.1650030781310282
521,16.02935791015625,7.383017868251862,False,Blocked,7.383017868251862,0.17269670651282798
522,29.247283935546875,7.532329528839154,False,Blocked,7.532329528839154,0.13453077904972033
523,15.244722366333008,7.206311859072253,False,Blocked,7.206311859072253,0.12249715546031059
524,20.62511444091797,7.322367797140835,False,Blocked,7.322367797140835,0.1329358136212384
525,15.96689224243164,7.0443695062003755,False,Blocked,7.0443695062003755,0.18767514452522183
526,31.937122344970703,6.591906285146193,False,Blocked,6.591906285146193,0.22992228566864392
527,34.32798385620117,6.582786262486996,False,Blocked,6.582786262486996,0.24858305377724732
528,29.804229736328125,6.5887883051766,False,Blocked,6.5887883051766,0.21837602780189047
529,31.796693801879883,6.4699510745383915,False,Blocked,6.4699510745383915,0.18885592236930937
530,30.98440170288086,6.491289543738018,False,Blocked,6.491289543738018,0.17471717363522377
531,30.223608016967773,6.599017260525153,False,Blocked,6.599017260525153,0.11970772448881173
532,15.946388244628906,6.444150495181961,False,Blocked,6.444150495181961,0.13389559898847414
533,11.429071426391602,6.7335076296491465,False,Blocked,6.7335076296491465,0.13353438389154126
534,15.218019485473633,6.822118988080227,False,Blocked,6.822118988080227,0.0938500411422164
535,16.031742095947266,6.6857527374312244,False,Blocked,6.6857527374312244,0.1000462774582851
536,16.036510467529297,6.648011876185028,False,Blocked,6.648011876185028,0.13046768000096454
537,24.770021438598633,6.5255682848495935,False,Blocked,6.5255682848495935,0.19021740571952162
538,23.007869720458984,6.4086383872026484,False,Blocked,6.4086383872026484,0.23628263120298032
539,15.150308609008789,6.245348525650961,False,Blocked,6.245348525650961,0.22675247757523154
540,21.253108978271484,6.306874884693788,False,Blocked,6.306874884693788,0.19940858440634646
541,26.823759078979492,6.85441823122694,False,Blocked,6.85441823122694,0.18676561143663195
542,15.084981918334961,7.159127523704358,False,Blocked,7.159127523704358,0.12623955997419944
543,31.77666664123535,7.5647963351430665,False,Blocked,7.5647963351430665,0.11188228277512535
544,31.629562377929688,8.185361648511892,False,Blocked,8.185361648511892,0.10883342978395061
545,24.591445922851562,8.6446629612247,False,Blocked,8.6446629612247,0.10033675959080823
546,19.504308700561523,8.435023371999394,False,Blocked,8.435023371999394,0.1029387146749614
547,28.125524520874023,8.700659376981339,False,Blocked,8.700659376981339,0.11153794276861495
548,19.722700119018555,8.507201738102264,False,Blocked,8.507201738102264,0.13176578851393717
549,17.226457595825195,8.0834721737089,False,Blocked,8.0834721737089,0.1743652268397955
550,30.88998794555664,7.800693827500602,False,Blocked,7.800693827500602,0.20956087465639472
551,15.939474105834961,7.557806763414833,False,Blocked,7.557806763414833,0.19895381597825035
552,21.324872970581055,6.978481255352508,False,Blocked,6.978481255352508,0.16195785710841049
553,32.00173377990723,6.92255388300431,False,Blocked,6.92255388300431,0.1502318883825231
554,9.630680084228516,7.026409212040086,False,Blocked,7.026409212040086,0.13593412046079278
555,14.029264450073242,7.01275382836473,False,Blocked,7.01275382836473,0.10899018464265042
556,31.151771545410156,7.2261216884812685,False,Blocked,7.2261216884812685,0.12264353811005013
557,6.09278678894043,7.673825376881808,False,Blocked,7.673825376881808,0.10538503011067712
558,15.731096267700195,8.179084820376818,False,Blocked,8.179084820376818,0.09515077944155093
559,27.487754821777344,8.786440050942028,False,Blocked,8.786440050942028,0.09313358259789739
560,16.19100570678711,9.081052987666899,False,Blocked,9.081052987666899,0.09802334632402587
561,31.821250915527344,9.035033237844015,False,Blocked,9.035033237844015,0.1135375562126254
562,31.855106353759766,9.170921081417664,False,Blocked,9.170921081417664,0.13024635974271803
563,22.14837074279785,9.238743910228266,False,Blocked,9.238743910228266,0.13583418104383682
564,33.93435478210449,9.38066125587169,False,Blocked,9.38066125587169,0.13153616069275653
565,20.8437442779541,10.164006267204591,False,Blocked,10.164006267204591,0.12856106605058837
566,31.568288803100586,11.310357827526124,False,Blocked,11.310357827526124,0.127621625735436
567,35.35819053649902,11.588413382914231,False,Blocked,11.588413382914231,0.13420149814935378
568,28.661251068115234,11.500902000530177,False,Blocked,11.500902000530177,0.1508813438886477
569,29.161453247070312,11.400141005493591,False,Blocked,11.400141005493591,0.16693081702715085
570,20.723581314086914,11.406032210300227,False,Blocked,11.406032210300227,0.1769783641673901
571,31.319379806518555,11.063689903409612,False,Blocked,11.063689903409612,0.17411732614776232
572,7.0362091064453125,11.294509347179423,False,Blocked,11.294509347179423,0.16518813898533946
573,31.66675567626953,11.987830714228497,False,Blocked,11.987830714228497,0.15741480321059997
574,35.778045654296875,12.607565860825243,False,Blocked,12.607565860825243,0.15096161265432095
575,25.77376365661621,12.998965160555437,False,Blocked,12.998965160555437,0.14317543689115553
576,13.265371322631836,13.299076836121088,False,Blocked,13.299076836121088,0.13632206669560187
577,21.085500717163086,13.259122053847054,False,Blocked,13.259122053847054,0.1367132945119599
578,16.038894653320312,12.87359649766845,False,Blocked,12.87359649766845,0.1421577962239583
579,30.106306076049805,12.516629558562702,False,Blocked,12.516629558562702,0.13491443021797844
580,33.25796127319336,11.897354294138793,False,Blocked,11.897354294138793,0.127515044035735
581,19.879817962646484,11.815374374888648,False,Blocked,11.815374374888648,0.12063521020206402
582,39.41965103149414,12.346067775176042,False,Blocked,12.346067775176042,0.12583673924575622
583,20.477294921875,12.61524195539045,False,Blocked,12.61524195539045,0.13980420524691362
584,36.61155700683594,12.198953023908818,False,Blocked,12.198953023908818,0.17584117371358987
585,22.289037704467773,11.501567219416899,False,Blocked,11.501567219416899,0.19295044698832953
586,20.272254943847656,10.3864650744488,False,Blocked,10.3864650744488,0.18562651457609958
587,15.947341918945312,9.32899215797828,False,Blocked,9.32899215797828,0.17884755829234178
588,16.073226928710938,8.448013852119,False,Blocked,8.448013852119,0.19166038607373648
589,20.15066146850586,7.912485623863674,False,Blocked,7.912485623863674,0.16227668291256747
590,18.530607223510742,7.873620988690367,False,Blocked,7.873620988690367,0.14481583583502122
591,32.41729736328125,8.152871947399083,False,Blocked,8.152871947399083,0.11863915337456599
592,23.662090301513672,7.7401012302392065,False,Blocked,7.7401012302392065,0.0986373675311053
593,23.273229598999023,7.6535590856690785,False,Blocked,7.6535590856690785,0.1059928460768711
594,28.124332427978516,7.9154994266722,False,Blocked,7.9154994266722,0.13317181622540508
595,23.405790328979492,8.010906019949184,False,Blocked,8.010906019949184,0.18053107367621524
596,23.845911026000977,7.6529279238011565,False,Blocked,7.6529279238011565,0.21006917694468552
597,12.079715728759766,7.7231457968502,False,Blocked,7.7231457968502,0.21318085470317327
598,16.08562469482422,7.468482709830562,False,Blocked,7.468482709830562,0.20391213499469518
599,32.5009822845459,7.270304932832955,False,Blocked,7.270304932832955,0.21028305618851273
600,14.69564437866211,7.138517081014444,False,Blocked,7.138517081014444,0.19758743851273153
601,8.315563201904297,7.708956271560081,False,Blocked,7.708956271560081,0.16758439805772574
602,21.212339401245117,8.009790411473004,False,Blocked,8.009790411473004,0.16554471616391786
603,15.848875045776367,8.666360149654835,False,Blocked,8.666360149654835,0.13022814338589894
604,15.533447265625,8.965310792778027,False,Blocked,8.965310792778027,0.13304020634403935
605,35.56251525878906,9.231692191995169,False,Blocked,9.231692191995169,0.16773433732397758
606,28.18441390991211,8.813937223097145,False,Blocked,8.813937223097145,0.21021175808376735
607,30.70211410522461,8.699788179930058,False,Blocked,8.699788179930058,0.23732439959490736
608,9.056568145751953,8.18001078870362,False,Blocked,8.18001078870362,0.20800905957634064
609,26.5352725982666,8.10666790705849,False,Blocked,8.10666790705849,0.1890902634608893
610,33.371686935424805,7.9769930507510765,False,Blocked,7.9769930507510765,0.18988617696879817
611,30.734539031982422,7.866405754717756,False,Blocked,7.866405754717756,0.1442273175274884
612,28.241872787475586,8.05274477619894,False,Blocked,8.05274477619894,0.14035138165509264
613,24.364233016967773,8.237248423721462,False,Blocked,8.237248423721462,0.10735944959852428
614,21.859169006347656,8.04834120240942,False,Blocked,8.04834120240942,0.10161290675033763
615,21.137475967407227,8.064058403854942,False,Blocked,8.064058403854942,0.13108560821156445
616,16.076087951660156,8.226962154296821,False,Blocked,8.226962154296821,0.1790258073218075
617,15.936613082885742,7.992938141992586,False,Blocked,7.992938141992586,0.2210831818757234
618,15.084028244018555,7.707446064027481,False,Blocked,7.707446064027481,0.20644336088204085
619,31.757831573486328,7.850032105088725,False,Blocked,7.850032105088725,0.18988992196542243
620,16.20340347290039,7.762443087764834,False,Blocked,7.762443087764834,0.2036466961142458
621,32.06133842468262,7.715069146675536,False,Blocked,7.715069146675536,0.14470978536723578
622,26.81255340576172,7.583188738342619,False,Blocked,7.583188738342619,0.130113762749566
623,15.816450119018555,7.823150924091289,False,Blocked,7.823150924091289,0.11846105881679203
624,32.11545944213867,8.066952790744887,False,Blocked,8.066952790744887,0.1352745715482735
625,16.141176223754883,8.491179137108944,False,Blocked,8.491179137108944,0.15967328483675736
626,15.799760818481445,9.183021028233586,False,Blocked,9.183021028233586,0.17087239206573113
627,32.13143348693848,10.334267915998778,False,Blocked,10.334267915998778,0.1690618293668017
628,15.92254638671875,11.404723364296373,False,Blocked,11.404723364296373,0.16385151050708913
629,15.806913375854492,12.39033188421351,False,Blocked,12.39033188421351,0.1672093784661941
630,21.484851837158203,13.560267664385885,False,Blocked,13.560267664385885,0.1760313698097512
631,27.12082862854004,14.355598295164546,False,Blocked,14.355598295164546,0.18160285101996532
632,14.738321304321289,14.876921010761446,False,Blocked,14.876921010761446,0.18590198281370562
633,21.162748336791992,15.584198674879639,False,Blocked,15.584198674879639,0.19087435498649696
634,16.13616943359375,16.142860759675127,False,Blocked,16.142860759675127,0.19395662660951962
635,37.584781646728516,16.596201942724925,False,Blocked,16.596201942724925,0.19604505374107828
636,19.572973251342773,17.08792145560912,False,Blocked,17.08792145560912,0.19711807062596454
637,32.09567070007324,17.764965440025794,False,Blocked,17.764965440025794,0.19790909378616894
638,32.14669227600098,18.15223643899297,False,Blocked,18.15223643899297,0.19758226559485914
639,24.502992630004883,18.302367058783446,False,Blocked,18.302367058783446,0.1905311414930555
640,33.59532356262207,18.45176890841232,False,Blocked,18.45176890841232,0.18577559106143904
641,771.6646194458008,19.041497997226507,True,mile,19.041497997226507,0.18196174527391973
642,755.2382946014404,19.432775891946243,True,mile,19.432775891946243,0.17931130114896798
643,701.6701698303223,19.929738025153004,True,mile,19.929738025153004,0.177224185142988
644,709.3944549560547,20.912922045060675,True,mile,20.912922045060675,0.17657105622468172
645,725.245475769043,21.66028587093107,True,mile,21.66028587093107,0.1750218407901717
646,718.3024883270264,22.220764728437835,True,mile,22.220764728437835,0.17416940571349349
647,691.3220882415771,22.778841603260286,True,mile,22.778841603260286,0.1733805526921779
648,728.1844615936279,23.426280547303104,True,mile,23.426280547303104,0.17310736762152779
649,734.4458103179932,23.996995456678224,True,mile,23.996995456678224,0.17265962953920722
650,775.2938270568848,24.49830507077268,True,mile,24.49830507077268,0.17216337604287235
651,849.578857421875,25.075572062584907,True,mile,25.075572062584907,0.17148347454306523
652,876.4052391052246,25.63000278887704,True,mile,25.63000278887704,0.17134674825786067
653,708.6577415466309,26.024498825782253,True,mile,26.024498825782253,0.17117935745804402
654,763.6575698852539,25.739805358012312,True,mile,25.739805358012312,0.17061666229624806
655,1083.3146572113037,25.427287131170637,True,mile,25.427287131170637,0.17098973026982056
656,708.5621356964111,24.992156844368612,True,mile,24.992156844368612,0.17096440067997687
657,809.8552227020264,24.59855676165439,True,mile,24.59855676165439,0.17082116021050342
658,769.8981761932373,24.385956756452636,True,mile,24.385956756452636,0.17025953504774305
659,767.4579620361328,24.300695095697893,True,mile,24.300695095697893,0.1695030796380691
660,768.8858509063721,24.641332928001106,True,mile,24.641332928001106,0.16838140040268135
661,824.0523338317871,23.924689124954803,True,mile,23.924689124954803,0.16621236165364583
662,742.9544925689697,23.232600102591626,True,mile,23.232600102591626,0.1620727199978299
663,764.4405364990234,22.599151026588537,True,mile,22.599151026588537,0.15628537401740938
664,785.6531143188477,21.855245732119442,True,mile,21.855245732119442,0.14809147210768714
665,759.4945430755615,20.752834243519892,True,mile,20.752834243519892,0.13823322814187888
666,800.7814884185791,20.42190628556101,True,mile,20.42190628556101,0.12748784194757912
667,785.0406169891357,19.836737016124896,True,mile,19.836737016124896,0.11766235351562504
668,729.2027473449707,19.06674763352532,True,mile,19.06674763352532,0.10754018524546682
669,29.062986373901367,18.71439637153765,False,Blocked,18.71439637153765,0.09903355727961038
670,22.542953491210938,18.242320106571476,False,Blocked,18.242320106571476,0.09085631570698305
671,27.871131896972656,18.257262723511197,False,Blocked,18.257262723511197,0.08493093608338154
672,35.87174415588379,18.29866926333232,False,Blocked,18.29866926333232,0.08060858455705056
673,25.407075881958008,18.523019665495717,False,Blocked,18.523019665495717,0.07881035322024499
674,705.4822444915771,18.947058721575303,True,mile,18.947058721575303,0.08027211130401235
675,784.8925590515137,19.516159603350324,True,mile,19.516159603350324,0.08127075948832951
676,770.9658145904541,19.900304752621008,True,mile,19.900304752621008,0.08192694393205058
677,696.9172954559326,20.73155860371684,True,mile,20.73155860371684,0.08327762556664742
678,818.2888031005859,21.66143310682495,True,mile,21.66143310682495,0.08405138557339897
679,867.02561378479,22.31495826985259,True,mile,22.31495826985259,0.08440425543137542
680,823.6594200134277,22.62548902084246,True,mile,22.62548902084246,0.0850788182388117
681,875.8008480072021,23.09112799017891,True,mile,23.09112799017891,0.08571445041232639
682,789.6325588226318,23.248961098658206,True,mile,23.248961098658206,0.08577240366994598
683,769.0830230712891,23.368010545879372,True,mile,23.368010545879372,0.08595309033805942
684,741.3690090179443,23.615477241004136,True,mile,23.615477241004136,0.08601241123529124
685,767.2946453094482,24.604390035496678,True,mile,24.604390035496678,0.08617593647521216
686,739.8388385772705,25.41401760824038,True,mile,25.41401760824038,0.08640212824315197
687,772.7811336517334,25.89646463144237,True,mile,25.89646463144237,0.08691283802927274
688,732.1786880493164,25.9463303558533,True,mile,25.9463303558533,0.08707391056013691
689,795.0801849365234,25.918525684592918,True,mile,25.918525684592918,0.08719657238618828
690,733.7596416473389,25.63862349678443,True,mile,25.63862349678443,0.08744054346908758
691,746.0982799530029,24.45137574035459,True,mile,24.45137574035459,0.0881159502194252
692,802.422285079956,23.768917243914775,True,mile,23.768917243914775,0.08807646574797456
693,725.6762981414795,23.53908424053646,True,mile,23.53908424053646,0.08855093873577358
694,751.1000633239746,23.18504789715868,True,mile,23.18504789715868,0.08883860646942521
695,807.0375919342041,23.030750762048115,True,mile,23.030750762048115,0.08966965286820028
696,758.469820022583,23.93449520052077,True,mile,23.93449520052077,0.09007910834418398
697,728.2955646514893,24.755458859716576,True,mile,24.755458859716576,0.09068440755208329
698,773.5195159912109,25.19548000701886,True,mile,25.19548000701886,0.09198020275728203
699,802.4671077728271,25.520597974841607,True,mile,25.520597974841607,0.09372181833526239
700,785.7997417449951,25.181363694606706,True,mile,25.181363694606706,0.09683667971764087
701,767.7042484283447,24.54875364125202,True,mile,24.54875364125202,0.10073661521629051
702,779.6778678894043,23.33656171178794,True,mile,23.33656171178794,0.10651346842447917
703,772.9294300079346,22.081074346377626,True,mile,22.081074346377626,0.11371291925877702
704,779.0427207946777,21.06866066715901,True,mile,21.06866066715901,0.12197161262418021
705,762.8297805786133,20.429888769012955,True,mile,20.429888769012955,0.13027961636766971
706,755.4225921630859,20.16896294175118,True,mile,20.16896294175118,0.13756614025728198
707,758.0158710479736,20.20335308588415,True,mile,20.20335308588415,0.1443235194830247
708,776.3409614562988,20.18620638535618,True,mile,20.18620638535618,0.14882937207634062
709,766.0436630249023,20.188890996909134,True,mile,20.188890996909134,0.15025639286747683
710,741.3673400878906,20.38568430757411,True,mile,20.38568430757411,0.15071973635826585
711,794.5840358734131,20.471509916601896,True,mile,20.471509916601896,0.15085770971981094
712,813.7438297271729,20.62046526298115,True,mile,20.62046526298115,0.151301427770544
713,747.4625110626221,20.590053409486067,True,mile,20.590053409486067,0.15157211868851272
714,757.819414138794,20.636360600768228,True,mile,20.636360600768228,0.1518044177396798
715,712.7072811126709,20.276326730081838,True,mile,20.276326730081838,0.15200719762731485
716,895.2598571777344,19.56661463374548,True,mile,19.56661463374548,0.15226897063078704
717,21.995067596435547,18.649654731235028,False,Blocked,18.649654731235028,0.15287961229865932
718,17.75383949279785,18.18437671548712,False,Blocked,18.18437671548712,0.1536009875638985
719,23.772478103637695,17.61139421651116,False,Blocked,17.61139421651116,0.15360951364776232
720,27.31180191040039,17.4938701825753,False,Blocked,17.4938701825753,0.15343551070601846
721,27.417898178100586,16.93845611020405,False,Blocked,16.93845611020405,0.15297121401186342
722,21.008968353271484,16.936660934853144,False,Blocked,16.936660934853144,0.15171219437210648
723,10.893821716308594,16.98925140451909,False,Blocked,16.98925140451909,0.150290828751929
724,16.004323959350586,17.188987348663467,False,Blocked,17.188987348663467,0.1492367063922646
725,31.770706176757812,17.332235792577883,False,Blocked,17.332235792577883,0.14782414942611888
726,19.295692443847656,18.269575582326276,False,Blocked,18.269575582326276,0.14699004373432678
727,751.4693737030029,19.063937184450243,True,mile,19.063937184450243,0.1468831116476177
728,730.3447723388672,19.74558156656213,True,mile,19.74558156656213,0.14630642737871336
729,773.9517688751221,20.59017809461187,True,mile,20.59017809461187,0.14529584343050728
730,754.4903755187988,21.41606699080154,True,mile,21.41606699080154,0.1438302122516396
731,800.3191947937012,21.768183983424827,True,mile,21.768183983424827,0.1424574411651235
732,744.5800304412842,22.04278007572546,True,mile,22.04278007572546,0.1410225197120949
733,732.1698665618896,22.36606235031232,True,mile,22.36606235031232,0.13991405722535688
734,756.2201023101807,22.210662031108644,True,mile,22.210662031108644,0.13894278443889851
735,803.0390739440918,21.98695990574003,True,mile,21.98695990574003,0.1380100466881269
736,778.4135341644287,22.064013077993717,True,mile,22.064013077993717,0.13693014262635028
737,752.4046897888184,21.95154946717197,True,mile,21.95154946717197,0.13560294068889855
738,774.0418910980225,21.850508079011718,True,mile,21.850508079011718,0.13398714418764468
739,765.4862403869629,21.69514742818006,True,mile,21.69514742818006,0.13206065613546492
740,761.793851852417,20.678012775058455,True,mile,20.678012775058455,0.12856178189501355
741,773.1547355651855,19.924400508266892,True,mile,19.924400508266892,0.12533333484037423
742,787.3191833496094,19.432818040154533,True,mile,19.432818040154533,0.1228198694299768
743,745.1319694519043,18.912523390256457,True,mile,18.912523390256457,0.12084384494357636
744,30.674219131469727,18.72438269402873,False,Blocked,18.72438269402873,0.11894139796127512
745,743.7417507171631,19.837849431043367,True,mile,19.837849431043367,0.11752824948157792
746,834.6760272979736,20.652655365798335,True,mile,20.652655365798335,0.11670519039954663
747,991.1110401153564,21.405995541822808,True,mile,21.405995541822808,0.11555271855107063
748,697.6213455200195,22.44078527674101,True,mile,22.44078527674101,0.114650498378424
749,777.5380611419678,23.612496116153114,True,mile,23.612496116153114,0.11431009551625193
750,756.0193538665771,24.694663737983603,True,mile,24.694663737983603,0.11357451262297458
751,778.1922817230225,25.17623694200281,True,mile,25.17623694200281,0.11201839494116517
752,787.4419689178467,25.9350625653953,True,mile,25.9350625653953,0.11035775267047643
753,764.5518779754639,26.414466507323834,True,mile,26.414466507323834,0.10909120159384644
754,791.8360233306885,26.815246985683366,True,mile,26.815246985683366,0.10808929066599149
755,765.0926113128662,27.09643738206116,True,mile,27.09643738206116,0.10744353494526426
756,748.9004135131836,28.124135104579096,True,mile,28.124135104579096,0.1068303614486883
757,797.9233264923096,29.13120271804081,True,mile,29.13120271804081,0.10638539255401236
758,737.6742362976074,30.456191428706717,True,mile,30.456191428706717,0.10542810510706013
759,900.8545875549316,31.056499294696437,True,mile,31.056499294696437,0.10506521719473383
760,751.3115406036377,30.918370146318694,True,mile,30.918370146318694,0.1049560998987269
761,706.160306930542,30.379888672041243,True,mile,30.379888672041243,0.10533571219738613
762,767.5831317901611,29.464565467257795,True,mile,29.464565467257795,0.10618687759211032
763,754.1985511779785,27.778266467959746,True,mile,27.778266467959746,0.108334565339265
764,770.5423831939697,26.414877291487407,True,mile,26.414877291487407,0.11213459156177663
765,760.8780860900879,25.50648743041983,True,mile,25.50648743041983,0.11717734254436729
766,833.7819576263428,25.19815494815356,True,mile,25.19815494815356,0.12266485897111301
767,762.7198696136475,24.510066019403446,True,mile,24.510066019403446,0.12752557448398916
768,776.2794494628906,24.182395887536252,True,mile,24.182395887536252,0.1304389256606867
769,783.7367057800293,24.26757692809705,True,mile,24.26757692809705,0.1324578103901427
770,727.8351783752441,24.757076943236303,True,mile,24.757076943236303,0.13408966441213344
771,760.582685470581,25.161946464160515,True,mile,25.161946464160515,0.13505895920741706
772,784.423828125,25.91253510337491,True,mile,25.91253510337491,0.13491030469352816
773,752.9244422912598,26.785620074012503,True,mile,26.785620074012503,0.13436353518639077
774,760.8518600463867,27.126910006035654,True,mile,27.126910006035654,0.13269707573784717
775,748.9762306213379,26.855769382103226,True,mile,26.855769382103226,0.13075676812065973
776,777.3807048797607,26.536938651514504,True,mile,26.536938651514504,0.12931928846571183
777,830.477237701416,26.064103291462015,True,mile,26.064103291462015,0.12817780294536074
778,768.2392597198486,26.27284413061276,True,mile,26.27284413061276,0.12760818293065201
779,732.4864864349365,27.134513110626642,True,mile,27.134513110626642,0.12705374258535884
780,743.4220314025879,28.707979255580177,True,mile,28.707979255580177,0.12704660674672064
781,728.9941310882568,29.397974723961834,True,mile,29.397974723961834,0.12671350549768523
782,812.4406337738037,30.977462570945715,True,mile,30.977462570945715,0.12635729377652394
783,901.3051986694336,32.230308346758235,True,mile,32.230308346758235,0.12610101393711415
784,908.7069034576416,33.547974918180614,True,mile,33.547974918180614,0.12567473234953708
785,820.469856262207,33.48130149939322,True,mile,33.48130149939322,0.12536474534022957
786,764.8599147796631,34.20330554953307,True,mile,34.20330554953307,0.12560182171103396
787,754.2924880981445,34.2239847562686,True,mile,34.2239847562686,0.1256367398485725
788,795.4707145690918,33.42622916203009,True,mile,33.42622916203009,0.12569380018446186
789,875.8885860443115,31.878490248056643,True,mile,31.878490248056643,0.12574948534553432
790,810.7993602752686,31.462112644024455,True,mile,31.462112644024455,0.12603384889202351
791,836.46559715271,31.246687201893405,True,mile,31.246687201893405,0.1264044641565394
792,769.2160606384277,30.715265902244408,True,mile,30.715265902244408,0.12664088873215662
793,773.2594013214111,30.427502299071357,True,mile,30.427502299071357,0.1275657521942516
794,749.1960525512695,30.38755911387377,True,mile,30.38755911387377,0.1288327817563657
795,829.2515277862549,30.17846864249891,True,mile,30.17846864249891,0.12948836338372882
796,746.4985847473145,29.748128750257912,True,mile,29.748128750257912,0.13017472255377127
797,760.2138519287109,29.607149681434993,True,mile,29.607149681434993,0.1303768920898437
798,770.1852321624756,29.214347793339925,True,mile,29.214347793339925,0.13047222372926315
799,741.3644790649414,29.074364768156272,True,mile,29.074364768156272,0.13060875033154895
800,769.8819637298584,29.010468165510197,True,mile,29.010468165510197,0.13098957203052664
801,763.007640838623,29.06539505406203,True,mile,29.06539505406203,0.1311797605914834
802,797.6739406585693,29.019325514066033,True,mile,29.019325514066033,0.13180558192877123
803,725.6999015808105,29.717018320420976,True,mile,29.717018320420976,0.13233813250506365
804,798.0918884277344,30.420814810840135,True,mile,30.420814810840135,0.13250242633584108
805,738.466739654541,31.51320196338571,True,mile,31.51320196338571,0.13272098117404518
806,758.324384689331,32.1105715641036,True,mile,32.1105715641036,0.13296774028260028
807,791.8701171875,32.84699604337478,True,mile,32.84699604337478,0.13313901924792626
808,733.2503795623779,32.960878952198506,True,mile,32.960878952198506,0.13283403184678821
809,758.8491439819336,33.17011448405668,True,mile,33.17011448405668,0.1327562873746142
810,778.5537242889404,33.17584692348593,True,mile,33.17584692348593,0.13278003080391587
811,681.9319725036621,32.769085831812525,True,mile,32.769085831812525,0.1330812506028164
812,833.4178924560547,33.01843507992903,True,mile,33.01843507992903,0.13291494487244404
813,757.3447227478027,33.67142138363438,True,mile,33.67142138363438,0.13268893771701384
814,767.7485942840576,32.85806789271429,True,mile,32.85806789271429,0.13241398564091433
815,702.1794319152832,31.12686062743373,True,mile,31.12686062743373,0.13170028121383104
816,777.0237922668457,30.404828505585034,True,mile,30.404828505585034,0.13165554093725884
817,767.5831317901611,29.3085096389503,True,mile,29.3085096389503,0.13192804407190395
818,785.0816249847412,28.094605699761598,True,mile,28.094605699761598,0.1318913476261092
